{"cameraMode":{"drawMode":0,"name":"Shaded","section":"Shading Mode"},"sceneLighting":true,"audioPlay":false,"sceneViewState":{"showFog":true,"showMaterialUpdate":false,"showSkybox":true,"showFlares":true,"showImageEffects":true,"showParticleSystems":true},"in2DMode":false,"pivot":{"x":117.34928131103516,"y":151.6746063232422,"z":-46.624813079833987},"rotation":{"x":0.6959784626960754,"y":-0.04726049304008484,"z":0.04600139707326889,"w":0.7150281667709351},"size":8.760605812072754,"orthographic":false}