{"cameraMode":{"drawMode":0,"name":"Shaded","section":"Shading Mode"},"sceneLighting":true,"audioPlay":false,"sceneViewState":{"showFog":true,"showMaterialUpdate":false,"showSkybox":true,"showFlares":true,"showImageEffects":true,"showParticleSystems":true},"in2DMode":false,"pivot":{"x":-1.0770013332366944,"y":5.601720809936523,"z":3.454418659210205},"rotation":{"x":0.3112253248691559,"y":0.009978693909943104,"z":-0.0032680926378816368,"w":0.9502793550491333},"size":14.889829635620118,"orthographic":false}